<?xml version="1.0" encoding="UTF-8"?>
<Module>
	<ModulePrefs title="All Services Gadget" description="The Enhanced Advanced  All Services Tab" thumbnail="ResourceScanThm.png"/>
	<gadget_version>
		1.1
	</gadget_version>
	<grid_info>
		<supported_versions>
			7.3,7.5,7.6,7.7,7.8,7.9
		</supported_versions>
		<supported_platforms>
			windows,linux
		</supported_platforms>
		<requires_agent_scripts>
			false
		</requires_agent_scripts>
		<upgrade_in_place>
			true
		</upgrade_in_place>
	</grid_info>
	<Content type="html">
	<![CDATA[
	<head>
		#includeResources(jquery,datatables)
		<script type="text/javascript" src="__UPTIME_GADGET_BASE__/ServiceStatusTable.js?v=0.0"></script>
		<script type="text/javascript" src="__UPTIME_GADGET_BASE__/AllServicesGadget.js?v=0.0"></script>

	</head>

	<body>
	<script type="text/javascript">if (top != self) { $("body").css("padding", "0"); }</script>
		<div id="edit">
			<div id="allServicesListAlternateQueryContainer" class="float_left hidden">
				<label for="allServicesListAlternateQuery">Hide OK Service Monitors</label>
				<input id="allServicesListAlternateQuery" type="checkbox" checked="checked" />
			</div>
			<div class="float_right">
				<button id="save">Save</button>
			</div>
		</div>

		<div id="AllServicesView">
			<img id="allServicesListLoading" src="/images/autocomplete-indicator.gif" />
			<span id="allServicesListNoData" class="hidden">No status data</span>

				<table id="allServicesList" class="tablehelper hidden zebra">
					<colgroup>
						<col />
						<col class="ServiceElement hidden" />
						<col class="ServiceStatus" />
						<col class="ServiceAck" />
						<col class="ServiceSplunk hidden" />
						<col class="ServiceLastCheck" />
						<col class="ServiceDuration" />
						<col />
					</colgroup>
					<thead id="EditBar">
						<tr>
							<th data-sorter="text">Monitor</th>
							<th class="ServiceElement hidden" data-sorter="text">Element</th>
							<th class="ServiceStatus" data-sorter="state">Status</th>
							<th data-sorter="ack" data-filter="false">Ack</th>
							<th class="ServiceSplunk hidden" data-sorter="false" data-filter="false">Splunk</th>
							<th data-sorter="text" data-filter="false">Last Check</th>
							<th data-sorter="duration" data-filter="false">Duration</th>
							<th class="monitorOutputHeader" data-sorter="text">Monitor Information</th>
						</tr>
					</thead>
					<tbody>
					</tbody>
				</table>
			</div>
	</body>
	]]>
	</Content>
</Module>
